,Translation Key,ALL ACTS,ACT 1,ACT 2
Project Creator,CREDITS_CREATOR,Sam the Salmon,Sam the Salmon,
Director,CREDITS_DIRECTOR,Pkdotts,Pkdotts,Pkdotts
Programmer,CREDITS_PROGRAMMERS,"Artem “Inqurity” N.; benichi; Danionel; Pkdotts; Tony ""TheQuickSlash"" Petrie; turnip; Vini; BismuthBloom; HepHep; JumpmanFR; Pedro Braga; roka; ZetCipher",benichi; Danionel; Pkdotts; BismuthBloom; HepHep; JumpmanFR; Pedro Braga; roka; ZetCipher,"Artem “Inqurity” N.; Danionel; Pkdotts; Tony ""TheQuickSlash"" Petrie; turnip; Vini; JumpmanFR"
NPC Sprite Artist,CREDITS_ARTISTS_NPC,Anderp40; benichi; Destroyer120; Megadrivesonic; Pkdotts; Shachi Welt; Tessa; Bassya; Bndi; Clipbrick; FlintMother3; Nicolás Romero; Retro64; Sam the Salmon; Yahav,benichi; Megadrivesonic; Pkdotts; Bassya; Clipbrick; FlintMother3; Nicolás Romero; Retro64; Sam the Salmon; Yahav,Anderp40; Destroyer120; Megadrivesonic; Pkdotts; Shachi Welt; Tessa; Bndi; Sam the Salmon
Character Animator,CREDITS_ANIM_CHARA,benichi; CartMart; Cosmocha; GeraFierro; MP64; Pkdotts; pkgalaxia; VentesTheFloof; Castor28; Clipbrick; Corblan; deebits; dianesaur; Mallow; Maxbound; Sam the Salmon; SuperSquidoodle; Remie_REM_Sleep,benichi; CartMart; MP64; Pkdotts; Castor28; Clipbrick; Corblan; dianesaur; Mallow; Maxbound; Sam the Salmon; Remie_REM_Sleep,CartMart; Cosmocha; GeraFierro; MP64; Pkdotts; pkgalaxia; VentesTheFloof; Castor28; deebits; SuperSquidoodle
Object Animator,CREDITS_ANIM_OBJECT,Cosmocha; MP64; Pkdotts; Vini; Clipbrick; SuperSquidoodle,Pkdotts; Clipbrick; SuperSquidoodle,Cosmocha; MP64; Pkdotts; Vini
Effects Animator,CREDITS_ANIM_EFFECTS,Aqief; GeraFierro; Pkdotts; VentesTheFloof; Vini; AveryPizza; Clipbrick; Ren Amamiya; SuperSquidoodle,Pkdotts; AveryPizza; Clipbrick; Ren Amamiya; SuperSquidoodle,Aqief; GeraFierro; Pkdotts; VentesTheFloof; Vini; Ren Amamiya; SuperSquidoodle
Map Screen Artist,CREDITS_ARTISTS_MAP_SCREEN,benichi; MP64; Pkdotts; Tessa; Vini,benichi; MP64,Pkdotts; Tessa; Vini
Environment Artist,CREDITS_ARTISTS_ENVIRONMENT,benichi; Cosmocha; Megadrivesonic; MP64; Pkdotts; pkgalaxia; Tessa; Vini; Bndi; Castor28; Clipbrick; Kale Love; NAN4; Qirlfriend; Ror; Sam the Salmon; SteveCG; SuperSquidoodle,benichi; Pkdotts; Castor28; Clipbrick; Sam the Salmon,benichi; Cosmocha; Megadrivesonic; MP64; Pkdotts; pkgalaxia; Tessa; Vini; Bndi; Castor28; Clipbrick; Kale Love; NAN4; Qirlfriend; Ror; Sam the Salmon; SteveCG; SuperSquidoodle
Battle Sprite Artist,CREDITS_ARTISTS_BATTLE_SPRITE,benichi; GeraFierro; Megadrivesonic; Pkdotts; Shachi Welt; Sam the Salmon,benichi; Pkdotts; Sam the Salmon,GeraFierro; Megadrivesonic; Pkdotts; Shachi Welt; Sam the Salmon
Battle Background Artist,CREDITS_ARTISTS_BATTLEBG,benichi; Pkdotts; pkgalaxia; Clipbrick; Sam the Salmon,benichi; Pkdotts; Clipbrick; Sam the Salmon,benichi; Pkdotts; pkgalaxia
Item Sprite Artist,CREDITS_ARTISTS_ITEM,Anderp40; Destroyer120; GeraFierro; Megadrivesonic; Pkdotts; Shachi Welt; Tessa; VentesTheFloof; Vini; Bassya; Clipbrick; luff; max3996,Pkdotts; Clipbrick,Anderp40; Destroyer120; GeraFierro; Megadrivesonic; Pkdotts; Shachi Welt; Tessa; VentesTheFloof; Vini; Bassya; luff; max3996
Illustration Artist,CREDITS_ARTISTS_ILLUSTRATION,benichi; Pkdotts; Birb; Clipbrick; dianesaur; Sam the Salmon,benichi; Pkdotts; Birb; Clipbrick; dianesaur; Sam the Salmon,
Concept Artist,CREDITS_ARTISTS_CONCEPT,Falcon; Pkdotts; Nicolás Romero; Sam the Salmon; Scan,Falcon; Pkdotts; Nicolás Romero; Sam the Salmon; Scan,Falcon; Pkdotts; Nicolás Romero
Promotional Artist,CREDITS_ARTISTS_PROMO,GeraFierro; pkgalaxia; Clipbrick; Jaccarias; Nicolás Romero; Retro64,Clipbrick; Nicolás Romero; Retro64,GeraFierro; pkgalaxia; Jaccarias; Nicolás Romero
Mother Encore Logo Designer,CREDITS_DESIGN_LOGO,Orange is Borange,Orange is Borange,
Map Designer,CREDITS_DESIGN_MAPS,benichi; MP64; Olavo “olavored” R.; Pkdotts; pkgalaxia; turnip; Clipbrick; Sam the Salmon,benichi; Pkdotts; Clipbrick; Sam the Salmon,MP64; Olavo “olavored” R.; Pkdotts; pkgalaxia; turnip; Sam the Salmon
Enemy Balancing,CREDITS_ENEMY_BALANCING,Pkdotts; Vicente,,Pkdotts; Vicente
Writer,CREDITS_WRITERS,Olavo “olavored” R.; Pkdotts; turnip; Jonathan Daegg123; Scan,Pkdotts; Scan,Olavo “olavored” R.; Pkdotts; turnip; Jonathan Daegg123
Musician,CREDITS_MUSICIANS,CopperTheJackal; McThrillington,CopperTheJackal; McThrillington,CopperTheJackal; McThrillington
Singer,CREDITS_SINGERS,CopperTheJackal; BismuthBloom; Bad Parking,CopperTheJackal; BismuthBloom,BismuthBloom; Bad Parking
Voice Actor,CREDITS_VOICE,,,
Bug Tester,CREDITS_TESTERS_BUGS,Artem “Inqurity” N.; benichi; Danionel; Olavo “olavored” R.; Pkdotts; Vicente; Bassya; Chiipan; Clipbrick; Scan; sludgeXP; SuperSquidoodle; Xylo; Okano,Artem “Inqurity” N.; benichi; Danionel; Olavo “olavored” R.; Pkdotts; Vicente; Bassya; Chiipan; Clipbrick; Scan; sludgeXP; SuperSquidoodle; Xylo; Okano,Artem “Inqurity” N.; Olavo “olavored” R.; Vicente
Playtester,CREDITS_TESTERS_PLAY,allison lobster; cosmic; Kodynoko; Mephist; MonkeyNess; Okano; SpaciousReality; Toasty.,,allison lobster; cosmic; Kodynoko; Mephist; MonkeyNess; Okano; SpaciousReality; Toasty.
Translation Manager,CREDITS_TRANSLATION_MANAGER,turnip; JumpmanFR,JumpmanFR,turnip; JumpmanFR
Japanese Translator,CREDITS_TRANSLATOR_JA,Altoz Tenor; K; Lone,Altoz Tenor; K; Lone,Altoz Tenor; K; Lone
French Translator,CREDITS_TRANSLATOR_FR,AFX; Cacathoès; smeskii; Anthiflo; JumpmanFR,Cacathoès; Anthiflo; JumpmanFR,AFX; Cacathoès; smeskii; Anthiflo; JumpmanFR
Italian Translator,CREDITS_TRANSLATOR_IT,SpikyG; Benz; Korenji,SpikyG; Benz; Korenji,SpikyG
Korean Translator,CREDITS_TRANSLATOR_KO,Hanlan; Pogaem; qhtjr,Hanlan; Pogaem; qhtjr,Hanlan; Pogaem; qhtjr
Spanish (Latin America) Translator,CREDITS_TRANSLATOR_ES,Halosesparta; Nawel Dots; Tessa; Vicente; Bndi,Halosesparta; Nawel Dots; Vicente; Bndi,Halosesparta; Nawel Dots; Tessa; Vicente; Bndi
Spanish (Spain) Translator,CREDITS_TRANSLATOR_ES_ES,Danionel; NoodleNiiue; Adrián Gómez,Danionel; NoodleNiiue,Danionel; NoodleNiiue; Adrián Gómez
Portuguese (Brazil) Translator,CREDITS_TRANSLATOR_PT_BR,Foffano; Olavo “olavored” R.,Foffano; Olavo “olavored” R.,Foffano; Olavo “olavored” R.
Polish Translator,CREDITS_TRANSLATOR_PL,idkwhattosayk? a.k.a. Jimmy; Majima; Voxar,idkwhattosayk? a.k.a. Jimmy; Majima; Voxar,idkwhattosayk? a.k.a. Jimmy; Majima; Voxar
German Translator,CREDITS_TRANSLATOR_DE,BetaDream~♪; Madokami,BetaDream~♪; Madokami,BetaDream~♪; Madokami
Russian Translator,CREDITS_TRANSLATOR_RU,Anasu Meruku; Mikhail “Px-Ch” Fefilov; Zakuro,Anasu Meruku; Mikhail “Px-Ch” Fefilov; Zakuro,Anasu Meruku; Mikhail “Px-Ch” Fefilov; Zakuro
Ukrainian Translator,CREDITS_TRANSLATOR_UK,Artem “Inqurity” N.; turnip,Artem “Inqurity” N.; turnip,Artem “Inqurity” N.; turnip
Chinese Translator,CREDITS_TRANSLATOR_ZH_CN,AX暗星233; kawaws66; 希铁石z; 新星派; 罗宾nick; 载•Toknyc; 绿荼不喝茶,AX暗星233; kawaws66; 希铁石z; 新星派; 罗宾nick; 载•Toknyc; 绿荼不喝茶,AX暗星233; kawaws66; 希铁石z; 新星派; 罗宾nick; 载•Toknyc; 绿荼不喝茶
Special Thanks,CREDITS_THANKS,Cherryello; 绵花糖QAQ; Jade; Jonathan Daegg123; Pastel; Porky; Snowwood a.k.a. Burger God; Tinx; Okano; 岚暮欣 ,Jade; Jonathan Daegg123; Pastel; Porky; Snowwood a.k.a. Burger God; Tinx; 岚暮欣 ,Cherryello; 绵花糖QAQ; Okano; 岚暮欣 
Website Programmer,CREDITS_WEBSITE_PROGRAMMER,,,
Manager of Fun,CREDITS_FUN,sludgeXP,sludgeXP,