Name,External Link
AFX,https://x.com/afx__
Altoz Tenor,https://altoztenor.carrd.co
Anasu Meruku,https://x.com/Anasu_Meruku
Anderp40,https://x.com/anderp40
Aqief,https://www.youtube.com/channel/UCXQa51islnUzYAnoElbHikQ
Artem “Inqurity” N.,https://inqurity.nekoweb.org/
AX暗星233,https://space.bilibili.com/443074427
benichi,https://blog.andonuts.org 
BetaDream~♪,https://twitter.com/BetaDream_X
Cacathoès,
CartMart,https://cartmart.bsky.social
Cherryello,
CopperTheJackal,https://twitter.com/fadingallaway
Cosmocha,
Danionel,https://x.com/DanionelP
Destroyer120,https://destroyer120.bsky.social
Falcon,https://x.com/BFalcon200
Foffano,https://x.com/foffano
GeraFierro,https://www.instagram.com/luisgera_riz?igsh=NWxhOTBsOTVmZXF4&utm_source=qr
Halosesparta,https://x.com/Halosesparta
Hanlan,
idkwhattosayk? a.k.a. Jimmy,
K,
kawaws66,https://steamcommunity.com/id/kawaws66/
Madokami,https://youmukami.bsky.social
Majima,
Megadrivesonic,https://x.com/megadrivesonic
Mikhail “Px-Ch” Fefilov,https://discordapp.com/users/565429315672604682
MP64,https://mp32.newgrounds.com
Nawel Dots,https://www.instagram.com/nawel_dots_art/
NoodleNiiue,https://bsky.app/profile/noodleniiue.bsky.social
Olavo “olavored” R.,https://olavored.bsky.social
Pkdotts,https://x.com/Pkdotts
pkgalaxia,https://linktr.ee/pkgalaxia
Pogaem,
qhtjr,https://x.com/qhtjr1116 
Shachi Welt,youtube.com/@nadel_mensch
smeskii,
SpikyG,https://x.com/ahaha_wav
Tessa,https://x.com/Tessa_Mayonessa
"Tony ""TheQuickSlash"" Petrie",https://bsky.app/profile/thequickslash.bsky.social
turnip,https://discord.com/users/792126574580989963
VentesTheFloof,
Vicente,https://achvicen.bsky.social
Vini,https://vini.newgrounds.com/
Voxar,https://www.youtube.com/@Voxar
Zakuro,https://discordapp.com/users/430775363086581763
希铁石z,https://xitieshiz2.github.io
新星派,https://space.bilibili.com/486216857
绵花糖QAQ,https://space.bilibili.com/170056359
罗宾nick,https://space.bilibili.com/1959520565
载•Toknyc,https://space.bilibili.com/316698366
Lone,https://lonechallenger.bsky.social
Adrián Gómez,https://www.instagram.com/adri_gc2/
Anthiflo,https://anthiflo.bsky.social
AveryPizza,https://twitter.com/AveryPizzas
Bassya,https://x.com/Bassya17
Benz,https://x.com/EarthBoundCafe
Birb,
BismuthBloom,https://bismuthbloom.tumblr.com/
Bndi,https://bndi.bsky.social
Castor28,
Chiipan,https://x.com/Chiipan7
Clipbrick,https://x.com/Clipbrick_CB
Corblan,https://x.com/corboblan_
deebits,https://artstation.com/deebits
dianesaur,
FlintMother3,https://flintmother3.bsky.social
HepHep,https://hephepteam.carrd.co/
Jaccarias,https://rabbids-go-home.bsky.social
Jade,
Jonathan Daegg123,https://youtube.com/@daegg123
JumpmanFR,https://jumpmanfr.bsky.social
Kale Love,https://x.com/TrueKalebLove
Korenji,https://x.com/KorenjiLucas
luff,https://linktr.ee/xluffx
Mallow,
max3996,
Maxbound,
McThrillington,https://mcthrillington.bsky.social
NAN4,https://x.com/fabi_adg
Nicolás Romero,https://x.com/AnimatedNico
Pastel,https://x.com/sledgewhammers
Pedro Braga,https://bsky.app/profile/mrpedrobraga.com
Porky,
Qirlfriend,https://qirlfriend.bsky.social
Ren Amamiya,https://x.com/HN_Jackalope
Retro64,https://x.com/retro64__
roka,https://x.com/RokRoka25
Ror,https://www.instagram.com/ro0or.docx/
Sam the Salmon,https://x.com/samthe_salmon
Scan,
sludgeXP,https://sludgexp.lol/
Snowwood a.k.a. Burger God,https://x.com/snowwood_
SteveCG,https://x.com/Usury_Robert
SuperSquidoodle,https://x.com/SuperSquidoodle
Tinx,
Xylo,
Yahav,https://x.com/NewYahav
ZetCipher,https://twitter.com/ZCipher90
绿荼不喝茶,https://space.bilibili.com/3546811335707084
allison lobster,
Bad Parking,https://open.spotify.com/artist/3iw448NBcjx4talZdAgrwv
cosmic,
Kodynoko,https://www.youtube.com/@NOKOGODO
Mephist,https://mephist.net/
MonkeyNess,https://www.youtube.com/monkeyness
Okano,https://bsky.app/profile/okano.io
Orange is Borange,https://x.com/orangeisborange
Remie_REM_Sleep,https://www.youtube.com/@remieretro
SpaciousReality,https://www.youtube.com/@SpaciousReality